<?xml version="1.0"?>
<!--<!DOCTYPE metadata SYSTEM "http://www.esri.com/metadata/esriprof80.dtd">-->
<metadata xml:lang="en"><Esri><CreaDate>20100823</CreaDate><CreaTime>10304600</CreaTime><SyncOnce>FALSE</SyncOnce><SyncDate>20100607</SyncDate><SyncTime>10391000</SyncTime><ModDate>20100607</ModDate><ModTime>10391000</ModTime><DataProperties><lineage><Process ToolSource="C:\ArcGIS\ArcToolbox\Toolboxes\Conversion Tools.tbx\FeatureClassToFeatureClass" Date="20100423" Time="105738">FeatureClassToFeatureClass C:\workdir\mch.gdb\gdb_manatee_ch C:\workdir Manateeee.shp # "REACH 'REACH' true true false 2 Short 0 0 ,First,#,C:\workdir\mch.gdb\gdb_manatee_ch,REACH,-1,-1;CRITHAB 'CRITHAB' true true false 2 Short 0 0 ,First,#,C:\workdir\mch.gdb\gdb_manatee_ch,CRITHAB,-1,-1;AREA_METER 'AREA_METER' true true false 8 Double 0 0 ,First,#,C:\workdir\mch.gdb\gdb_manatee_ch,AREA_METER,-1,-1;PERIMETER_ 'PERIMETER_' true true false 8 Double 0 0 ,First,#,C:\workdir\mch.gdb\gdb_manatee_ch,PERIMETER_,-1,-1;ACRES 'ACRES' true true false 8 Double 0 0 ,First,#,C:\workdir\mch.gdb\gdb_manatee_ch,ACRES,-1,-1;HECTARES 'HECTARES' true true false 8 Double 0 0 ,First,#,C:\workdir\mch.gdb\gdb_manatee_ch,HECTARES,-1,-1;AREA_MET_1 'AREA_MET_1' true true false 8 Double 0 0 ,First,#,C:\workdir\mch.gdb\gdb_manatee_ch,AREA_MET_1,-1,-1;PERIMETER1 'PERIMETER1' true true false 8 Double 0 0 ,First,#,C:\workdir\mch.gdb\gdb_manatee_ch,PERIMETER1,-1,-1;SOURCETHM 'SOURCETHM' true true false 16 Text 0 0 ,First,#,C:\workdir\mch.gdb\gdb_manatee_ch,SOURCETHM,-1,-1;AREA_MET_2 'AREA_MET_2' true true false 8 Double 0 0 ,First,#,C:\workdir\mch.gdb\gdb_manatee_ch,AREA_MET_2,-1,-1;PERIMETER2 'PERIMETER2' true true false 8 Double 0 0 ,First,#,C:\workdir\mch.gdb\gdb_manatee_ch,PERIMETER2,-1,-1;AREA_MET_3 'AREA_MET_3' true true false 8 Double 0 0 ,First,#,C:\workdir\mch.gdb\gdb_manatee_ch,AREA_MET_3,-1,-1;PERIMETER3 'PERIMETER3' true true false 8 Double 0 0 ,First,#,C:\workdir\mch.gdb\gdb_manatee_ch,PERIMETER3,-1,-1;AREA_MET_4 'AREA_MET_4' true true false 8 Double 0 0 ,First,#,C:\workdir\mch.gdb\gdb_manatee_ch,AREA_MET_4,-1,-1;PERIMETER4 'PERIMETER4' true true false 8 Double 0 0 ,First,#,C:\workdir\mch.gdb\gdb_manatee_ch,PERIMETER4,-1,-1;AREA 'AREA' true true false 8 Double 0 0 ,First,#,C:\workdir\mch.gdb\gdb_manatee_ch,AREA,-1,-1;PERIMETER 'PERIMETER' true true false 8 Double 0 0 ,First,#,C:\workdir\mch.gdb\gdb_manatee_ch,PERIMETER,-1,-1;Shape_Leng 'Shape_Length' false true true 8 Double 0 0 ,First,#,C:\workdir\mch.gdb\gdb_manatee_ch,Shape_Length,-1,-1;Shape_Area 'Shape_Area' false true true 8 Double 0 0 ,First,#,C:\workdir\mch.gdb\gdb_manatee_ch,Shape_Area,-1,-1" # C:\workdir\Manateeee.shp</Process><Process ToolSource="C:\ArcGIS\ArcToolbox\Toolboxes\Data Management Tools.tbx\RepairGeometry" Date="20100823" Time="103350">RepairGeometry C:\workdir\ManateeCopy.shp DELETE_NULL C:\workdir\ManateeCopy.shp</Process></lineage></DataProperties><MetaID>{54A723B6-2739-4ADF-8494-BCC4394C2E43}</MetaID></Esri><idinfo><native Sync="TRUE">Microsoft Windows XP Version 5.1 (Build 2600) Service Pack 3; ESRI ArcCatalog 9.3.0.1770</native><descript><langdata Sync="TRUE">en</langdata><abstract>Federally designated critical habitat for the West Indian Manatee</abstract><purpose>This layer identifies designated critical habitat in south Florida under the Endangered Species Act.</purpose><supplinf>The original file was crithab.shp. Origin unknown. The polygon file defines all water adjoining the coast and islands and all connecting bays, estuaries and rivers. [G Dennis 9-30-03].
Revised file manatee_ch_10-23-03.shp derived from clipping only other areas described in critical habitat designation and only in south Florida region. [G Dennis 10-23-03]

Official language  42 FR 47841 1977

FLORIDA MANATEE (Trichechus manatus)
Florida. Crystal River and its headwaters known as King's Bay, Citrus County: the Little Manatee River downstream from the U.S. Highway 301 bridge. Hillsborough County; the Manatee River downstream from the Lake Manatee Dam, Manatee County; the Myakka River downstream from Myakka River State Park. Sarasota and Charlotte Counties: the Peace River downstream from the Florida State Highway 760 bridge, De Soto and Charlotte Counties: Charlotte Harbor north of. the Charlotte-Lee county line, Charlotte County: Caloosahatchee River downstream from the Florida State Highway 31 bridge, Lee County; all U.S. territorial waters adjoining the coast and islands of Lee County; all U.S. territorial waters adjoining the coast and Islands and all connected bays, estuaries, and rivers from Gordon's Pass, near Naples. Collier County, southward to and including Whitewater Bay, Monroe County; all waters of Card, Barnes, Blackwater, Little Blackwater, Manatee, and Buttonwood sounds between Key Largo, Monroe County, and the mainland of Dade County: Biscayne Bay, and all adjoining and connected lakes, rivers, canals, and waterways from the southern tip of Key Biscayne northward to and including Maule Lake, Dade County; all of Lake Worth, from its northernmost point immediately south of the intersection of U.S. Highway 1 and Florida State Highway A1A -southward to its southernmost point immediately north of the town of Boynton Beach, Palm Beach County: the Loxahatchee River and its headwaters, Martin and West Palm Beach Counties; that section of the intracoastal waterway from the town of Sewalls Point, Martin County to Jupiter Inlet, Palm Beach County; the entire inland section of water known as the Indian River, from its northernmost point immediately south of the intersection of U.S. Highway 1 and Florida State Highway 3. Volusia County, southward to its southernmost point near the town of Seawalls Point, Martin County, and the entire inland section of water known as the Banana River and all waterways between Indian and Banana rivers, Brevard County: the St. Johns River including Lake George, and including Blue Springs and Silver Glen Springs from their points of origin to their confluences with the St. Johns River; that section of the Intracoastal Waterway from its confluence with the St. Marys River on the Georgia-Florida border to the Florida State Highway AlA bridge south of Coastal City. Nassau and Duval Counties.</supplinf></descript><citation><citeinfo><origin>Orignal source unknown.</origin><pubdate>10-23-03</pubdate><title Sync="TRUE">Manateeee</title><ftname Sync="TRUE">Manateeee</ftname><geoform Sync="TRUE">vector digital data</geoform><onlink Sync="TRUE">\\IFW9-JDTXP12\C\workdir\Manateeee.shp</onlink><origin>Modified by G. Dennis 10-23-03</origin></citeinfo></citation><timeperd><current>publication date</current><timeinfo><sngdate><caldate>10-23-03</caldate></sngdate></timeinfo></timeperd><status><progress>In work</progress><update>As needed</update></status><spdom><bounding><westbc Sync="TRUE">-82.374845</westbc><eastbc Sync="TRUE">-80.034009</eastbc><northbc Sync="TRUE">27.861060</northbc><southbc Sync="TRUE">25.127117</southbc></bounding><lboundng><leftbc Sync="TRUE">-82.374845</leftbc><rightbc Sync="TRUE">-80.034009</rightbc><bottombc Sync="TRUE">25.127117</bottombc><topbc Sync="TRUE">27.861060</topbc></lboundng></spdom><keywords><theme><themekt>Endangered Species</themekt><themekey>West Indian Manatee</themekey><themekey>(Trichechus manatus)</themekey><themekey>Designated Critical Habitat</themekey><themekey>South Florida</themekey></theme></keywords><accconst>None</accconst><useconst>None</useconst><natvform Sync="TRUE">Shapefile</natvform><ptcontac><cntinfo><cntaddr><address>South Florida Ecological Services Office</address><address>1339 20th Street</address><addrtype>mailing address</addrtype><city>Vero Beach</city><state>Florida</state><postal>32960</postal><country>USA</country></cntaddr><cntorgp><cntorg>US Fish &amp; Wildlife Service</cntorg></cntorgp><cntpos>GIS Data Coordinator</cntpos><cntvoice>772-562-3909</cntvoice><cntfax>772-562-4288</cntfax><hours>M-F 8-5</hours></cntinfo></ptcontac></idinfo><dataIdInfo><envirDesc Sync="TRUE">Microsoft Windows XP Version 5.1 (Build 2600) Service Pack 3; ESRI ArcCatalog 9.3.0.1770</envirDesc><dataLang><languageCode Sync="TRUE" value="en"></languageCode></dataLang><idCitation><resTitle Sync="TRUE">Manateeee</resTitle><presForm><PresFormCd Sync="TRUE" value="005"></PresFormCd></presForm></idCitation><spatRpType><SpatRepTypCd Sync="TRUE" value="001"></SpatRepTypCd></spatRpType><dataExt><geoEle><GeoBndBox esriExtentType="native"><westBL Sync="TRUE">-82.374845</westBL><eastBL Sync="TRUE">-80.034009</eastBL><northBL Sync="TRUE">27.86106</northBL><southBL Sync="TRUE">25.127117</southBL><exTypeCode Sync="TRUE">1</exTypeCode></GeoBndBox></geoEle></dataExt><geoBox esriExtentType="decdegrees"><westBL Sync="TRUE">-82.374845</westBL><eastBL Sync="TRUE">-80.034009</eastBL><northBL Sync="TRUE">27.86106</northBL><southBL Sync="TRUE">25.127117</southBL><exTypeCode Sync="TRUE">1</exTypeCode></geoBox></dataIdInfo><metainfo><langmeta Sync="TRUE">en</langmeta><metstdn Sync="TRUE">FGDC Content Standards for Digital Geospatial Metadata</metstdn><metstdv Sync="TRUE">FGDC-STD-001-1998</metstdv><mettc Sync="TRUE">local time</mettc><metc><cntinfo><cntorgp><cntper>George D. Dennis</cntper><cntorg>US Fish &amp; Wildlife Service</cntorg></cntorgp><cntaddr><addrtype>mailing address</addrtype><city>Vero Beach</city><state>Florida</state><postal>32960</postal><address>South Florida Ecological Services Office</address><address>1339 20th Street</address><country>USA</country></cntaddr><cntvoice>772-562-3909 x309</cntvoice><cntpos>Ecologist</cntpos><cntemail>george_dennis@fws.gov</cntemail></cntinfo></metc><metd Sync="TRUE">20100607</metd><metextns><onlink Sync="TRUE">http://www.esri.com/metadata/esriprof80.html</onlink><metprof Sync="TRUE">ESRI Metadata Profile</metprof></metextns></metainfo><mdLang><languageCode Sync="TRUE" value="en"></languageCode></mdLang><mdStanName Sync="TRUE">ISO 19115 Geographic Information - Metadata</mdStanName><mdStanVer Sync="TRUE">DIS_ESRI1.0</mdStanVer><mdChar><CharSetCd Sync="TRUE" value="004"></CharSetCd></mdChar><mdHrLv><ScopeCd Sync="TRUE" value="005"></ScopeCd></mdHrLv><mdHrLvName Sync="TRUE">dataset</mdHrLvName><distinfo><resdesc Sync="TRUE">Downloadable Data</resdesc><stdorder><digform><digtinfo><transize Sync="TRUE">3.243</transize><dssize Sync="TRUE">3.243</dssize></digtinfo></digform></stdorder></distinfo><distInfo><distributor><distorTran><onLineSrc><orDesc Sync="TRUE">002</orDesc><linkage Sync="TRUE">file://\\IFW9-JDTXP12\C\workdir\ManateeCopy</linkage><protocol Sync="TRUE">Local Area Network</protocol></onLineSrc><transSize Sync="TRUE">3.243</transSize></distorTran><distorFormat><formatName Sync="TRUE">Shapefile</formatName></distorFormat></distributor></distInfo><spdoinfo><direct Sync="TRUE">Vector</direct><ptvctinf><esriterm Name="Manateeee"><efeatyp Sync="TRUE">Simple</efeatyp><efeageom Sync="TRUE">Polygon</efeageom><esritopo Sync="TRUE">FALSE</esritopo><efeacnt Sync="TRUE">42</efeacnt><spindex Sync="TRUE">TRUE</spindex><linrefer Sync="TRUE">FALSE</linrefer></esriterm><sdtsterm Name="Manateeee"><sdtstype Sync="TRUE">G-polygon</sdtstype><ptvctcnt Sync="TRUE">42</ptvctcnt></sdtsterm></ptvctinf></spdoinfo><spatRepInfo><VectSpatRep><topLvl><TopoLevCd Sync="TRUE" value="001"></TopoLevCd></topLvl><geometObjs Name="Manateeee"><geoObjTyp><GeoObjTypCd Sync="TRUE" value="001"></GeoObjTypCd></geoObjTyp><geoObjCnt Sync="TRUE">42</geoObjCnt></geometObjs></VectSpatRep></spatRepInfo><eainfo><detailed Name="Manateeee"><enttyp><enttypl Sync="TRUE">Manateeee</enttypl><enttypt Sync="TRUE">Feature Class</enttypt><enttypc Sync="TRUE">42</enttypc></enttyp><attr><attrlabl Sync="TRUE">FID</attrlabl><attalias Sync="TRUE">FID</attalias><attrtype Sync="TRUE">OID</attrtype><attwidth Sync="TRUE">4</attwidth><atprecis Sync="TRUE">0</atprecis><attscale Sync="TRUE">0</attscale><attrdef Sync="TRUE">Internal feature number.</attrdef><attrdefs Sync="TRUE">ESRI</attrdefs><attrdomv><udom Sync="TRUE">Sequential unique whole numbers that are automatically generated.</udom></attrdomv></attr><attr><attrlabl Sync="TRUE">Shape</attrlabl><attalias Sync="TRUE">Shape</attalias><attrtype Sync="TRUE">Geometry</attrtype><attwidth Sync="TRUE">0</attwidth><atprecis Sync="TRUE">0</atprecis><attscale Sync="TRUE">0</attscale><attrdef Sync="TRUE">Feature geometry.</attrdef><attrdefs Sync="TRUE">ESRI</attrdefs><attrdomv><udom Sync="TRUE">Coordinates defining the features.</udom></attrdomv></attr><attr><attrlabl Sync="TRUE">REACH</attrlabl><attalias Sync="TRUE">REACH</attalias><attrtype Sync="TRUE">Number</attrtype><attwidth Sync="TRUE">4</attwidth></attr><attr><attrlabl Sync="TRUE">CRITHAB</attrlabl><attalias Sync="TRUE">CRITHAB</attalias><attrtype Sync="TRUE">Number</attrtype><attwidth Sync="TRUE">4</attwidth></attr><attr><attrlabl Sync="TRUE">AREA_METER</attrlabl><attalias Sync="TRUE">AREA_METER</attalias><attrtype Sync="TRUE">Float</attrtype><attwidth Sync="TRUE">19</attwidth><atnumdec Sync="TRUE">11</atnumdec></attr><attr><attrlabl Sync="TRUE">PERIMETER_</attrlabl><attalias Sync="TRUE">PERIMETER_</attalias><attrtype Sync="TRUE">Float</attrtype><attwidth Sync="TRUE">19</attwidth><atnumdec Sync="TRUE">11</atnumdec></attr><attr><attrlabl Sync="TRUE">ACRES</attrlabl><attalias Sync="TRUE">ACRES</attalias><attrtype Sync="TRUE">Float</attrtype><attwidth Sync="TRUE">19</attwidth><atnumdec Sync="TRUE">11</atnumdec></attr><attr><attrlabl Sync="TRUE">HECTARES</attrlabl><attalias Sync="TRUE">HECTARES</attalias><attrtype Sync="TRUE">Float</attrtype><attwidth Sync="TRUE">19</attwidth><atnumdec Sync="TRUE">11</atnumdec></attr><attr><attrlabl Sync="TRUE">AREA_MET_1</attrlabl><attalias Sync="TRUE">AREA_MET_1</attalias><attrtype Sync="TRUE">Float</attrtype><attwidth Sync="TRUE">19</attwidth><atnumdec Sync="TRUE">11</atnumdec></attr><attr><attrlabl Sync="TRUE">PERIMETER1</attrlabl><attalias Sync="TRUE">PERIMETER1</attalias><attrtype Sync="TRUE">Float</attrtype><attwidth Sync="TRUE">19</attwidth><atnumdec Sync="TRUE">11</atnumdec></attr><attr><attrlabl Sync="TRUE">SOURCETHM</attrlabl><attalias Sync="TRUE">SOURCETHM</attalias><attrtype Sync="TRUE">String</attrtype><attwidth Sync="TRUE">16</attwidth></attr><attr><attrlabl Sync="TRUE">AREA_MET_2</attrlabl><attalias Sync="TRUE">AREA_MET_2</attalias><attrtype Sync="TRUE">Float</attrtype><attwidth Sync="TRUE">19</attwidth><atnumdec Sync="TRUE">11</atnumdec></attr><attr><attrlabl Sync="TRUE">PERIMETER2</attrlabl><attalias Sync="TRUE">PERIMETER2</attalias><attrtype Sync="TRUE">Float</attrtype><attwidth Sync="TRUE">19</attwidth><atnumdec Sync="TRUE">11</atnumdec></attr><attr><attrlabl Sync="TRUE">AREA_MET_3</attrlabl><attalias Sync="TRUE">AREA_MET_3</attalias><attrtype Sync="TRUE">Float</attrtype><attwidth Sync="TRUE">19</attwidth><atnumdec Sync="TRUE">11</atnumdec></attr><attr><attrlabl Sync="TRUE">PERIMETER3</attrlabl><attalias Sync="TRUE">PERIMETER3</attalias><attrtype Sync="TRUE">Float</attrtype><attwidth Sync="TRUE">19</attwidth><atnumdec Sync="TRUE">11</atnumdec></attr><attr><attrlabl Sync="TRUE">AREA_MET_4</attrlabl><attalias Sync="TRUE">AREA_MET_4</attalias><attrtype Sync="TRUE">Float</attrtype><attwidth Sync="TRUE">19</attwidth><atnumdec Sync="TRUE">11</atnumdec></attr><attr><attrlabl Sync="TRUE">PERIMETER4</attrlabl><attalias Sync="TRUE">PERIMETER4</attalias><attrtype Sync="TRUE">Float</attrtype><attwidth Sync="TRUE">19</attwidth><atnumdec Sync="TRUE">11</atnumdec></attr><attr><attrlabl Sync="TRUE">AREA</attrlabl><attalias Sync="TRUE">AREA</attalias><attrtype Sync="TRUE">Float</attrtype><attwidth Sync="TRUE">19</attwidth><atnumdec Sync="TRUE">11</atnumdec></attr><attr><attrlabl Sync="TRUE">PERIMETER</attrlabl><attalias Sync="TRUE">PERIMETER</attalias><attrtype Sync="TRUE">Float</attrtype><attwidth Sync="TRUE">19</attwidth><atnumdec Sync="TRUE">11</atnumdec></attr><attr><attrlabl Sync="TRUE">Shape_Leng</attrlabl><attalias Sync="TRUE">Shape_Leng</attalias><attrtype Sync="TRUE">Float</attrtype><attwidth Sync="TRUE">19</attwidth><atnumdec Sync="TRUE">11</atnumdec></attr><attr><attrlabl Sync="TRUE">Shape_Area</attrlabl><attalias Sync="TRUE">Shape_Area</attalias><attrtype Sync="TRUE">Float</attrtype><attwidth Sync="TRUE">19</attwidth><attrdef Sync="TRUE">Area of feature in internal units squared.</attrdef><attrdefs Sync="TRUE">ESRI</attrdefs><attrdomv><udom Sync="TRUE">Positive real numbers that are automatically generated.</udom></attrdomv><atnumdec Sync="TRUE">11</atnumdec></attr></detailed></eainfo><mdDateSt Sync="TRUE">20100607</mdDateSt><dataqual><lineage><procstep><procdesc Sync="TRUE">Dataset copied.</procdesc><srcused Sync="TRUE">S:\Dennis G\SLOPES Working Copy\West Indian Manatee\GIS\manatee_ch_10-23-03</srcused><date Sync="TRUE">20050812</date><time Sync="TRUE">08592400</time></procstep><procstep><procdesc Sync="TRUE">Dataset copied.</procdesc><srcused Sync="TRUE">T:\TEST_DIRECTORY\GISDATA\SPECIES\SLOPES\manatee_ch</srcused><date Sync="TRUE">20050812</date><time Sync="TRUE">14355000</time></procstep><procstep><procdesc Sync="TRUE">Dataset copied.</procdesc><srcused Sync="TRUE"></srcused><date Sync="TRUE">20050826</date><time Sync="TRUE">10062700</time></procstep><procstep><procdesc Sync="TRUE">Dataset moved.</procdesc><srcused Sync="TRUE">T:\TEST_DIRECTORY\GISDATA\SPECIES\SLOPES\manatee-ch</srcused><date Sync="TRUE">20050912</date><time Sync="TRUE">16222800</time></procstep><procstep><procdesc Sync="TRUE">Dataset copied.</procdesc><srcused Sync="TRUE"></srcused><procdate Sync="TRUE">20100422</procdate><proctime Sync="TRUE">15283600</proctime></procstep><procstep><procdesc Sync="TRUE">Dataset copied.</procdesc><srcused Sync="TRUE">C:\workdir\Manatee</srcused><procdate Sync="TRUE">20100823</procdate><proctime Sync="TRUE">10304600</proctime></procstep></lineage></dataqual><spref><horizsys><cordsysn><geogcsn Sync="TRUE">Longitude / Latitude (WGS 84)</geogcsn></cordsysn><geodetic><horizdn Sync="TRUE">WGS 84</horizdn><ellips Sync="TRUE">WGS 84</ellips><semiaxis Sync="TRUE">6378137.000000</semiaxis><denflat Sync="TRUE">298.257224</denflat></geodetic><geograph><geogunit Sync="TRUE">Decimal Degree</geogunit><latres Sync="TRUE">0.000000</latres><longres Sync="TRUE">0.000000</longres></geograph></horizsys></spref><refSysInfo><RefSystem><refSysID><identCode Sync="TRUE">Longitude / Latitude (WGS 84)</identCode></refSysID></RefSystem></refSysInfo></metadata>
